red_1,red_0,Episode Length,Solved
1.8499999999999999,0.98675,16,True
1.8499999999999999,0.98775,16,True
1.8499999999999999,0.98775,16,True
2.3,0.987046875,17,True
1.8499999999999999,0.98775,16,True
2.75,0.98634375,18,True
1.8499999999999999,0.98775,16,True
1.8499999999999999,0.98775,16,True
1.8499999999999999,0.98775,16,True
1.8499999999999999,0.98775,16,True
